{
    "How do you replace coolant thermostat": [
        "https://mechanicbase.com/coolant/thermostat-symptoms/",
        "https://shop.advanceautoparts.com/r/car-projects/how-to-replace-a-vehicle-thermostat",
        "https://www.wikihow.com/Replace-a-Thermostat",
        "https://www.wikihow.com/Replace-a-Thermostat-in-a-Car",
        "https://www.familyhandyman.com/project/car-care-how-to-replace-a-thermostat/",
        "https://axleaddict.com/auto-repair/How-to-Replace-a-Thermostat",
        "https://knowhow.napaonline.com/know-how-notes-cooling-system-thermostat-replacement-tips/",
        "https://www.howacarworks.com/cooling-systems/how-to-replace-a-car-thermostat",
        "https://www.youtube.com/watch?v=nkXk2rEPeL0",
        "https://www.dummies.com/article/home-auto-hobbies/automotive/car-repair-maintenance/general-car-repair-maintenance/how-to-replace-your-vehicles-thermostat-206418/"
    ],
    "How is library science vand information science related": [
        "https://en.wikipedia.org/wiki/Library_and_information_science",
        "https://ischool.uw.edu/programs/mlis/what-is-library-science",
        "https://www.emerald.com/insight/content/doi/10.1108/DTA-07-2020-0167/full/html",
        "https://www.collegefactual.com/majors/library-science/library-information-science/related-majors/",
        "https://www.usnews.com/education/best-graduate-schools/articles/what-library-science-is-and-how-to-become-a-librarian",
        "https://informationmatters.org/2023/08/library-and-information-science-explained-and-embodied-in-5-minutes/",
        "https://en.wikipedia.org/wiki/Outline_of_library_and_information_science",
        "https://www.collegefactual.com/majors/library-science/library-information-science/",
        "https://open.umn.edu/opentextbooks/textbooks/1433",
        "https://en.wikibooks.org/wiki/Introduction_to_Library_and_Information_Science"
    ],
    "Which phase is the non dividing stage": [
        "https://en.wikipedia.org/wiki/Cell_cycle",
        "https://bio.libretexts.org/Bookshelves/Human_Biology/Book%3A_Human_Biology_(Wakim_and_Grewal)/07%3A_Cell_Reproduction/7.2%3A_Cell_Cycle_and_Cell_Division",
        "https://www.khanacademy.org/science/ap-biology/cell-communication-and-cell-cycle/cell-cycle/a/cell-cycle-phases",
        "https://www.khanacademy.org/science/high-school-biology/hs-reproduction-and-cell-division/hs-the-cell-cycle-and-mitosis/a/hs-the-cell-cycle-and-mitosis-review",
        "https://biologydictionary.net/interphase/",
        "https://en.wikipedia.org/wiki/Mitosis",
        "https://bio.libretexts.org/Bookshelves/Genetics/Online_Open_Genetics_(Nickle_and_Barrette-Ng)/02%3A_Chromosomes_Mitosis_and_Meiosis/2.04%3A_The_Cell_Cycle_and_Changes_in_DNA_Content",
        "https://www.khanacademy.org/science/ap-biology/cell-communication-and-cell-cycle/cell-cycle/a/phases-of-mitosis",
        "http://www.biology.arizona.edu/cell_bio/tutorials/cell_cycle/cells2.html",
        "https://bio.libretexts.org/Bookshelves/Introductory_and_General_Biology/Book:_General_Biology_(Boundless)/10:_Cell_Reproduction/10.02:_The_Cell_Cycle/10.2B:_The_Mitotic_Phase_and_the_G0_Phase"
    ],
    "How much has michael vick worth after release from prison": [
        "https://www.sportscasting.com/michael-vick-called-on-a-wealthy-celebrity-friend-to-help-him-get-out-of-17-6-million-worth-of-debt/",
        "https://fanbuzz.com/nfl/michael-vick-net-worth/",
        "https://www.business2community.com/sports/michael-vick-paid-nearly-18-million-debt-since-prison-release-01100815",
        "https://www.msn.com/en-us/sports/nfl/michael-vick-was-one-of-the-highest-paid-nfl-players-then-his-fortune-nosedived-what-s-his-net-worth-now/ar-AA1hG56S",
        "https://en.wikipedia.org/wiki/Michael_Vick",
        "https://www.grunge.com/367176/how-michael-vick-ended-up-with-no-money/",
        "https://www.celebritynetworth.com/richest-athletes/nfl/michael-vick-net-worth/",
        "https://www.foxsports.com/stories/nfl/vick-the-ultimate-redemption-story",
        "https://www.espn.com/nfl/story/_/id/6826625/with-michael-vick-successfully-returning-time-prison-teams-took-chance-plaxico-burress",
        "https://www.npr.org/sections/thetwo-way/2011/08/30/140060853/-100-million-six-year-deal-for-michael-vick"
    ],
    "How can you get rid of dog fleas": [
        "https://www.akc.org/expert-advice/health/how-to-get-rid-of-fleas/",
        "https://betterpet.com/how-to-get-rid-of-fleas-naturally/",
        "https://www.webmd.com/pets/remove-fleas-from-pet",
        "https://www.nbcnews.com/select/shopping/how-get-rid-fleas-ncna1262654",
        "https://www.cdc.gov/fleas/getting_rid.html",
        "https://www.webmd.com/pets/remedies-for-fleas",
        "https://www.healthline.com/health/healthy-home-guide/how-to-get-rid-of-fleas",
        "https://www.rspca.org.uk/adviceandwelfare/pets/general/fleas",
        "https://www.nytimes.com/wirecutter/guides/how-to-get-rid-of-fleas/",
        "https://www.thesprucepets.com/how-to-get-rid-of-fleas-4690890"
    ],
    "This is the third largest oceans": [
        "https://oceaninfo.com/list/largest-oceans-and-seas/",
        "https://www.worldatlas.com/articles/the-oceans-of-the-world-by-size.html",
        "https://largest.org/nature/oceans/",
        "https://www.americanoceans.org/facts/biggest-oceans-and-seas/",
        "https://www.usatoday.com/story/news/2022/12/13/what-is-largest-ocean-on-earth/8191191001/",
        "https://www.cia.gov/the-world-factbook/oceans/indian-ocean/",
        "https://www.livescience.com/29533-the-worlds-biggest-oceans-and-seas.html",
        "https://www.thoughtco.com/geography-of-the-worlds-oceans-1435193",
        "https://oceanliteracy.unesco.org/the-largest-ocean/",
        "https://www.bbc.co.uk/bitesize/articles/zvy2xbk"
    ],
    "What is kristen steawerts brothers name": [
        "https://www.imdb.com/name/nm0829576/bio/",
        "https://www.famousbirthdays.com/people/cameron-stewart.html",
        "https://tvshowstars.com/kristen-stewart-siblings/",
        "https://vergewiki.com/taylor-stewart",
        "https://starschanges.com/kristen-stewart/",
        "https://ecelebritymirror.com/celebrity-siblings/kristen-stewart-siblings/",
        "https://en.wikipedia.org/wiki/Kristen_Stewart",
        "https://www.youtube.com/watch?v=ay2H_8VyFg0",
        "https://www.bustle.com/articles/66146-does-kristen-stewart-have-any-siblings-shes-grew-up-with-a-band-of-brothers",
        "https://www.imdb.com/name/nm0829576/?linkId=115767411"
    ],
    "What type of relief is the coastal plains": [
        "https://www.britannica.com/science/coastal-landform",
        "https://www.nationalgeographic.org/encyclopedia/coastal-plain/",
        "http://geology.blogs.wm.edu/coastal-plain/",
        "https://link.springer.com/referenceworkentry/10.1007/3-540-31060-6_56",
        "https://www.britannica.com/place/Coastal-Plains-region-North-America",
        "https://www.ecologycenter.us/forest-service/coastal-plain.html",
        "https://www.nps.gov/subjects/geology/coastal-landforms.htm",
        "https://media.nationalgeographic.org/assets/reference/assets/coastal-plain-4.pdf",
        "https://en.wikipedia.org/wiki/Coastal_plain",
        "https://link.springer.com/chapter/10.1007/978-3-030-96121-3_4"
    ],
    "What do the word anteroposterior means": [
        "https://www.merriam-webster.com/medical/anteroposterior",
        "https://medical-dictionary.thefreedictionary.com/anteroposterior",
        "https://www.collinsdictionary.com/dictionary/english/anteroposterior",
        "https://www.definitions.net/definition/AnteroPosterior",
        "https://www.thefreedictionary.com/anteroposterior",
        "https://www.rxlist.com/anteroposterior/definition.htm",
        "https://www.yourdictionary.com/anteroposterior",
        "https://medical-dictionary.thefreedictionary.com/anteroposteriorly",
        "https://www.rxlist.com/anteroposterior_ap/definition.htm",
        "https://en.wiktionary.org/wiki/anteroposterior"
    ],
    "Does selena gomez have verizon wireless for her cell phone": [
        "https://people.com/music/selena-gomez-didnt-have-phone-during-break",
        "https://graziamagazine.com/articles/selena-gomez-no-phone-three-months/",
        "https://hellogiggles.com/selena-gomez-cell-phone/",
        "https://www.yahoo.com/lifestyle/selena-gomez-learned-not-using-000325223.html",
        "https://www.youtube.com/watch?v=ii3fkqiCFAU",
        "https://www.billboard.com/music/pop/selena-gomez-verizon-commercial-kill-em-with-kindness-7431191/#!",
        "https://www.vogue.com/article/selena-gomez-5-things-you-didnt-know",
        "https://www.ispot.tv/ad/ADnk/verizon-play-it-again-with-selena-gomez",
        "https://www.biography.com/musicians/selena-gomez",
        "https://talesfromthecollection.com/2022/06/09/selena-gomez/"
    ],
    "What is winston churchills big achievements": [
        "https://learnodo-newtonic.com/winston-churchill-accomplishments",
        "https://worldhistoryedu.com/6-major-achievements-of-winston-churchill/",
        "https://worldhistoryedu.com/the-life-and-achievements-of-sir-winston-churchill/",
        "https://winstonchurchill.org/resources/reference/churchills-chart-of-achievements/",
        "https://www.britannica.com/biography/Winston-Churchill",
        "https://en.wikipedia.org/wiki/Winston_Churchill",
        "https://www.history.com/topics/european-history/winston-churchill",
        "https://www.bbc.co.uk/newsround/31043477",
        "https://www.biography.com/political-figures/winston-churchill",
        "https://www.iwm.org.uk/history/how-churchill-led-britain-to-victory-in-the-second-world-war"
    ],
    "What is the value of a 1988 barbie collectible": [
        "https://bestbarbie.com/calculator/barbie-collector-s-price-calculator",
        "https://www.barbiedb.com/",
        "https://www.txantiquemall.com/value-of-collectible-barbie-dolls/",
        "https://www.valuemystuff.com/us/blog/how-to-value-barbies",
        "https://www.securcareselfstorage.com/blog/how-much-are-holiday-barbies-worth/",
        "https://toyshnip.com/blogs/blogs/barbie-collector-price-guide",
        "https://www.txantiquemall.com/holiday-barbies-worth/",
        "https://www.invaluable.com/blog/vintage-barbie-dolls/",
        "https://www.nonamehiding.com/vintage-barbie-collector-price-guide/",
        "https://www.lovetoknow.com/home/antiques-collectibles/value-collectible-barbie-dolls"
    ],
    "Who does sleaner gomez love": [
        "https://www.cnn.com/2023/12/08/entertainment/selena-gomez-relationship-benny-blanco-intl-scli/index.html",
        "https://people.com/music/selena-gomez-dating-history/",
        "https://www.distractify.com/p/who-is-selena-gomez-dating",
        "https://www.seventeen.com/celebrity/celebrity-couples/a27033836/selena-gomez-dating/",
        "https://www.elle.com/culture/celebrities/a45361358/selena-gomez-dating-history/",
        "https://people.com/music/selena-gomez-the-weeknd-relationship-timeline/",
        "https://www.eonline.com/news/1325384/selena-gomez-confirms-her-relationship-status-while-debuting-new-hairstyle",
        "https://people.com/selena-gomez-dating-benny-blanco-my-absolute-everything-8409470",
        "https://www.elle.com/culture/celebrities/a40824879/selena-gomez-andrea-iervolino-dating/",
        "https://www.elle.com/culture/celebrities/a46476645/selena-gomez-benny-blanco-martin-short-steve-martin-meet/"
    ],
    "How many books selling online": [
        "https://www.statista.com/topics/1474/e-books/",
        "https://www.statista.com/topics/1177/book-market/",
        "https://www.bookweb.org/btw-topics/industry-statistics",
        "https://www.forbes.com/advisor/business/how-to-sell-books-online/",
        "https://www.zippia.com/advice/us-book-industry-statistics/",
        "https://scanse.io/blog/ebooks-vs-printed-books-statistics-sales-trends/",
        "https://wordsrated.com/ebooks-sales-statistics/",
        "https://wordsrated.com/online-book-sales-statistics/",
        "https://www.statista.com/statistics/185431/us-online-shops-and-mail-order-houses-sales-figures-for-books-and-magazines/",
        "https://ecommerce-platforms.com/ecommerce-selling-advice/how-to-sell-books-online"
    ],
    "How much anderson shelters cost in ww2": [
        "https://historyforkids.org/anderson-shelter-facts-and-information/",
        "https://www.bbc.co.uk/history/ww2peopleswar/stories/29/a1125929.shtml",
        "https://www.historyhit.com/facts-about-anderson-shelters/",
        "https://primaryfacts.com/506/anderson-shelter-facts/",
        "https://andersonshelters.org.uk/a-history-of-the-anderson-shelter/",
        "https://en.wikipedia.org/wiki/Air_raid_shelter",
        "https://andersonshelters.org.uk/",
        "https://www.bbc.co.uk/history/ww2peopleswar/stories/62/a3953162.shtml",
        "https://ww2db.com/weapon.php?q=368",
        "https://www.bbc.co.uk/history/ww2peopleswar/stories/14/a6661514.shtml"
    ],
    "What is an exzmple of soliloquy": [
        "https://www.litcharts.com/literary-devices-and-terms/soliloquy",
        "https://literarydevices.net/soliloquy/",
        "https://www.thoughtco.com/soliloquy-literary-definition-4169546",
        "https://liberalarts.oregonstate.edu/wlf/what-soliloquy-definition-and-examples",
        "https://literaryterms.net/soliloquy/",
        "https://poemanalysis.com/literary-device/soliloquy/",
        "https://www.masterclass.com/articles/poetry-101-what-is-a-soliloquy-learn-the-difference-between-soliloquy-monologue-and-an-aside-with-examples",
        "https://literarydevices.com/soliloquy/",
        "https://study.com/learn/lesson/what-is-a-soliloquy.html",
        "https://en.wikipedia.org/wiki/Soliloquy"
    ],
    "Who invented first electirc stove and when": [
        "https://www.cbsnews.com/news/almanac-the-first-electric-stove/",
        "https://en.wikipedia.org/wiki/Electric_stove",
        "https://www.chefsresource.com/who-invented-the-electric-stove/",
        "https://en.wikipedia.org/wiki/Lloyd_Groff_Copeman",
        "https://www.edinformatics.com/inventions_inventors/electric_stove.htm",
        "https://www.thoughtco.com/history-of-the-oven-from-cast-iron-to-electric-1992212",
        "https://interestingengineering.com/innovation/the-history-behind-the-15-kitchen-appliances-that-changed-the-way-we-live",
        "https://en.wikipedia.org/wiki/Kitchen_stove",
        "https://www.nytimes.com/2017/06/12/business/general-electric-history-of-innovation.html",
        "https://www.britannica.com/technology/stove"
    ],
    "What kind of cells make electricity from light": [
        "https://www.explainthatstuff.com/how-photoelectric-cells-work.html",
        "https://www.iberdrola.com/innovation/photovoltaic-photoelectric-cells",
        "https://www.azooptics.com/article.aspx?ArticleID=75",
        "https://www.energy.gov/eere/solar/solar-photovoltaic-cell-basics",
        "https://www.science.org.au/curious/technology-future/solar-pv",
        "https://www.explainthatstuff.com/solarcells.html",
        "https://www.energysage.com/solar/solar-photovoltaic-cells/",
        "https://www.eia.gov/energyexplained/solar/photovoltaics-and-electricity.php",
        "https://www.nature.com/scitable/topicpage/cell-energy-and-cell-functions-14024533/",
        "https://www.britannica.com/technology/cell-electronics"
    ],
    "Advantages and disadvantages of a bank": [
        "https://efinancemanagement.com/financial-management/advantages-and-disadvantages-of-banks",
        "https://www.usnews.com/banking/articles/pros-and-cons-of-online-banking",
        "https://www.reviewjournal.com/business/6-pros-and-cons-of-traditional-banks/",
        "https://www.nerdwallet.com/article/banking/pros-cons-online-only-banking",
        "https://www.nerdwallet.com/article/small-business/advantages-disadvantages-business-bank-loan",
        "https://www.investopedia.com/articles/pf/11/benefits-and-drawbacks-of-internet-banks.asp",
        "https://www.businessinsider.com/personal-finance/what-is-difference-between-online-banks-traditional-banks",
        "https://wise.com/us/blog/online-banking-advantages",
        "https://www.investopedia.com/financial-edge/1211/why-you-should-stick-with-the-big-banks.aspx",
        "https://www.thebalancemoney.com/types-of-bank-accounts-315458"
    ],
    "What is the difference between an electrician and an electrical engineer": [
        "https://www.indeed.com/career-advice/finding-a-job/electrician-vs-electrical-engineer",
        "https://electronicshacks.com/electrician-vs-electrical-engineer/",
        "https://jobs.newscientist.com/article/electrical-engineer-vs-electrician",
        "https://www.indeed.com/career-advice/finding-a-job/electrical-engineering-vs-electrician",
        "https://www.neit.edu/blog/electrician-vs-electrical-engineer",
        "https://ca.indeed.com/career-advice/finding-a-job/electrician-vs-electrical-engineer",
        "https://www.tradifyhq.com/blog/electrician-vs-electrical-engineer",
        "https://yourcareersupport.com/electrician-vs-electrical-engineer/",
        "https://expertpickhub.com/tools/for-electricians/electrical-engineer-vs-electrician/",
        "https://careers.alot.com/career-paths/electrician-vs-electrical-engineer-whats-the-difference--9072"
    ],
    "What is the sequence to obtain a DNA fingerprint": [
        "https://www.britannica.com/science/DNA-fingerprinting",
        "https://www.genome.gov/genetics-glossary/DNA-Fingerprinting",
        "https://biologywise.com/dna-fingerprinting-process",
        "https://biologydictionary.net/dna-fingerprinting/",
        "https://bio.libretexts.org/Bookshelves/Microbiology/Microbiology_Laboratory_Manual_(Hartline)/01%3A_Labs/1.32%3A_DNA_Fingerprinting",
        "https://www.webmd.com/a-to-z-guides/dna-fingerprinting-overview",
        "https://le.ac.uk/dna-fingerprinting/explained",
        "https://microbeonline.com/dna-fingerprinting/",
        "https://en.wikipedia.org/wiki/DNA_profiling",
        "https://boisestate.pressbooks.pub/bio191lab/chapter/dna-fingerprinting-and-phylogenetics/"
    ],
    "Where is nadia comasneci 's academy the perfect ten": [
        "https://fanbuzz.com/olympics/nadia-comaneci-now/",
        "https://olympics.com/en/news/snapped-reflections-and-revelations-on-comaneci-s-perfect-10",
        "http://www.bartconnergymnastics.com/index.php?about-nadia-comaneci",
        "https://en.wikipedia.org/wiki/Nadia_Com%C4%83neci",
        "https://www.youtube.com/watch?v=adlaLvSYjs8",
        "https://www.biography.com/athletes/nadia-comaneci",
        "https://www.washingtonpost.com/sports/olympics/in-1976-comanecis-perfect-10s-made-her-the-perfect-one/2020/08/08/270df474-d988-11ea-a788-2ce86ce81129_story.html",
        "https://www.europeana.eu/en/blog/nadia-comaneci-the-first-olympic-gymnast-to-score-a-perfect-10",
        "https://www.youtube.com/watch?v=eBrwQ7-I6t8",
        "https://www.cnn.com/2012/04/03/sport/olympics-nadia-comaneci/index.html"
    ],
    "One pound of confectioners sugar equals how many ounces": [
        "https://www.traditionaloven.com/culinary-arts/sugars/confectioners-sugar/convert-pound-lb-confectioner-sugar-to-ounce-oz-confectioner-sugar.html",
        "https://www.bhg.com/recipes/how-to/bake/cups-in-one-pound-powdered-sugar/",
        "https://www.traditionaloven.com/conversions_of_measures/sugar_amounts.html",
        "https://bakeitwithlove.com/cups-in-a-box-of-powdered-sugar/",
        "https://coolconversion.com/cooking-weight-volume/1%7Elb%7Eof%7Econfectioner%C2%B4s+sugar%7Eto%7Ecup",
        "https://www.dominosugar.com/baking-tips-how-tos/measurement-and-conversion-charts",
        "https://www.inchcalculator.com/convert/from-pound-sugar/",
        "https://coolconversion.com/cooking-volume-weight/1%7Ecup%7Eof%7Econfectioner%C2%B4s+sugar%7Eto%7Eounce",
        "https://www.bakinglikeachef.com/baking-ingredient-conversions/",
        "https://www.traditionaloven.com/culinary-arts/sugars/powder-sugar/convert-pound-lb-powder-sugar-to-ounce-oz-powder-sugar.html"
    ],
    "What skills are needed to become a surgeon to be successful": [
        "https://www.sgu.edu/blog/medical/essential-qualities-for-becoming-a-surgeon/",
        "https://www.indeed.com/career-advice/finding-a-job/reasons-to-become-surgeon",
        "https://www.rcseng.ac.uk/careers-in-surgery/careers-support/skills-and-qualities-of-a-surgeon/",
        "https://www.indeed.com/career-advice/finding-a-job/skills-of-a-surgeon",
        "https://www.facs.org/for-medical-professionals/education/programs/so-you-want-to-be-a-surgeon/section-i-surgical-traits/",
        "https://resumecat.com/career/surgeon/skills",
        "https://www.forbes.com/advisor/education/healthcare/become-a-surgeon/",
        "https://www.verywellhealth.com/how-to-become-a-doctor-or-a-surgeon-3157309",
        "https://www.bestcolleges.com/healthcare/careers/how-to-become-a-surgeon/",
        "https://www.careerexplorer.com/careers/surgeon/how-to-become/"
    ],
    "How much does a 1996 chevy lumina weigh": [
        "https://www.kbb.com/chevrolet/lumina/1996/specs/",
        "https://www.edmunds.com/chevrolet/lumina/1996/features-specs/",
        "https://www.edmunds.com/chevrolet/lumina/1996/st-17335/features-specs/",
        "https://en.wikipedia.org/wiki/Chevrolet_Lumina",
        "https://www.kbb.com/chevrolet/lumina-passenger/1996/specs/",
        "https://www.edmunds.com/chevrolet/lumina/1996/sedan/st-17335/features-specs/",
        "https://www.ultimatespecs.com/car-specs/Chevrolet/4770/1996-Chevrolet-Lumina-II-31i.html",
        "https://www.kbb.com/chevrolet/lumina/1996/",
        "https://www.cars.com/research/chevrolet-lumina-1996/",
        "https://www.carfolio.com/chevrolet-lumina-sedan-171732"
    ],
    "The precipitaion of a cougar": [
        "https://en.wikipedia.org/wiki/Cougar",
        "https://mountainlion.org/cougars-and-climate/",
        "https://animalia.bio/cougar",
        "https://www.nationalgeographic.com/animals/mammals/facts/cougar",
        "https://www.forestwildlife.org/how-does-a-cougar-adapt-to-its-environment/",
        "https://animals.mom.com/climate-mountain-lions-live-in-3880.html",
        "https://www.nwf.org/Educational-Resources/Wildlife-Guide/Mammals/Mountain-Lion",
        "https://mountainlion.org/cougarsandclimate/",
        "https://www.wildlifeexplained.com/cougar/",
        "https://cougarfund.org/our-work/science-conservation/"
    ],
    "What are the Functions of proteins to the body": [
        "https://www.healthline.com/nutrition/functions-of-protein",
        "https://www.verywellhealth.com/what-does-protein-do-8419502",
        "https://www.eufic.org/en/whats-in-food/article/what-are-proteins-and-what-is-their-function-in-the-body",
        "https://medlineplus.gov/genetics/understanding/howgeneswork/protein/",
        "https://bio.libretexts.org/Bookshelves/Introductory_and_General_Biology/Book%3A_General_Biology_(Boundless)/03%3A_Biological_Macromolecules/3.07%3A_Proteins_-_Types_and_Functions_of_Proteins",
        "https://med.libretexts.org/Courses/Metropolitan_State_University_of_Denver/Introduction_to_Nutrition_(Diker)/06%3A_Proteins/6.05%3A_Proteins_Functions_in_the_Body",
        "https://www.verywellhealth.com/what-is-a-protein-5076292",
        "https://www.nature.com/scitable/topicpage/protein-function-14123348/",
        "https://med.libretexts.org/Bookshelves/Nutrition/An_Introduction_to_Nutrition_(Zimmerman)/06%3A_Proteins/6.05%3A_Proteins_Functions_in_the_Body",
        "https://www.ncbi.nlm.nih.gov/books/NBK555990/"
    ],
    "How much did the vietnam war cost per day": [
        "https://www.thebalancemoney.com/vietnam-war-facts-definition-costs-and-timeline-4154921",
        "https://alphahistory.com/vietnamwar/costs-of-the-vietnam-war/",
        "https://www.usatoday.com/story/money/2019/06/13/cost-of-war-13-most-expensive-wars-in-us-history/39556983/",
        "https://www.statista.com/topics/10008/us-war-in-vietnam/",
        "https://www.history.navy.mil/research/library/online-reading-room/title-list-alphabetically/c/costs-major-us-wars.html",
        "https://www.history.com/topics/vietnam-war/vietnam-war-history",
        "https://www.britannica.com/event/Vietnam-War",
        "https://sgp.fas.org/crs/natsec/RS22926.pdf",
        "https://en.wikipedia.org/wiki/Vietnam_War",
        "https://fas.org/publication/war_costs/"
    ],
    "Largest living life on earth": [
        "https://www.deseret.com/utah/2021/8/15/22609608/worlds-largest-and-possibly-oldest-living-organism-resides-in-utah-aspens",
        "https://www.thoughtco.com/biggest-living-things-on-earth-4070240",
        "https://www.treehugger.com/largest-living-things-organisms-planet-4859216",
        "https://en.wikipedia.org/wiki/Largest_organisms",
        "https://www.discovery.com/nature/the-largest-living-thing-on-earth-is-a-3-5-square-mile-fungus",
        "https://www.discovermagazine.com/planet-earth/5-of-the-biggest-animals-to-ever-live-on-earth",
        "https://www.worldatlas.com/articles/what-is-the-largest-living-thing-in-the-world.html",
        "https://www.newscientist.com/gallery/biggest-organisms/",
        "https://www.theatlantic.com/science/archive/2017/10/humongous-fungus-genome/544265/",
        "https://www.britannica.com/video/185607/living-organisms-survey-representatives-plant-Earth-kingdoms"
    ],
    "The twinkling of stars is caused by": [
        "https://starchild.gsfc.nasa.gov/docs/StarChild/questions/question26.html",
        "https://www.livescience.com/32315-why-do-stars-twinkle.html",
        "https://www.khanacademy.org/science/optics-essentials/x0484cce4552ac2a3:how-telescopes-and-microscopes-work/x0484cce4552ac2a3:why-does-a-straw-look-bent-in-water/v/why-do-stars-twinkle-but-planets-dont",
        "https://lambdageeks.com/what-causes-the-twinkling-of-stars-at-night/",
        "https://en.wikipedia.org/wiki/Twinkling",
        "https://science.howstuffworks.com/why-do-stars-twinkle.htm",
        "https://www.vedantu.com/physics/why-do-stars-twinkle",
        "https://www.youtube.com/watch?v=73c_0ZAqSU0",
        "https://www.zmescience.com/feature-post/space-astronomy/astronomy-articles/why-stars-twinkle-10112021/",
        "https://record.umich.edu/articles/mystery-of-twinkling-stars-explained/"
    ],
    "What kind of music is listened toin costa rica": [
        "https://en.wikipedia.org/wiki/Music_of_Costa_Rica",
        "https://costarica.org/people/music/",
        "https://www.benvaughn.com/the-popular-music-genres-of-costa-rica/",
        "https://www.costarica.com/culture/costa-rican-music",
        "https://www.donquijote.org/costarican-culture/traditions/music/",
        "http://costarica-information.com/about-costa-rica/art-history/costa-rica-art/music",
        "https://www.sanjosecostarica.com/music-in-costa-rica-traditional-and-modern/",
        "https://ticotravel.com/the-music-of-costa-rica/",
        "https://explorecostarica.org/traditional-music-and-dance-a-cultural/",
        "https://worldmusiccentral.org/world-music-resources/musician-biographies/costa-rican-music/"
    ],
    "Width of a football field in yards": [
        "https://www.stack.com/a/the-dimensions-of-a-football-field/",
        "https://www.dimensions.com/element/american-football-field",
        "https://athlonsports.com/college-football/how-long-football-field",
        "https://en.wikipedia.org/wiki/American_football_field",
        "https://thatsportlife.com/how-many-yards-is-a-football-field/",
        "https://www.rookieroad.com/football/questions/how-many-yards-wide-is-a-field/",
        "https://www.courtdimensions.net/football-field/",
        "https://www.viqtorysports.com/how-long-is-a-football-field-field-dimensions-explained/",
        "https://www.rookieroad.com/football/questions/what-are-the-dimensions-of-an-american-field/",
        "https://www.networldsports.com/buyers-guides/football-field-dimensions-guide"
    ],
    "What is revolution of the sun": [
        "https://www.space.com/does-the-sun-rotate",
        "https://www.britannica.com/video/151528/Earth-rotation-axis-revolution-Sun",
        "https://www.space.com/58-the-sun-formation-facts-and-characteristics.html",
        "https://www.thoughtco.com/revolution-geography-definition-1434848",
        "https://www.thoughtco.com/rotation-and-revolution-definition-astronomy-3072287",
        "https://science.nasa.gov/sun/facts/",
        "https://sciencing.com/earth-rotates-around-sun-8501366.html",
        "https://en.wikipedia.org/wiki/Earth%27s_orbit",
        "https://www.britannica.com/place/Sun/Evolution",
        "https://www.britannica.com/topic/Copernican-Revolution"
    ],
    "How do snakes adapt to there enviornment": [
        "https://zoonerdy.com/how-do-snakes-adapt-to-their-environment/",
        "https://faunafacts.com/snakes/snake-adaptations/",
        "https://www.snakesforpets.com/how-do-snakes-adapt-to-the-desert/",
        "https://sciencing.com/snakes-adapt-forest-8701682.html",
        "https://zoonerdy.com/haw/how-do-snakes-adapt-to-their-environment/",
        "https://www.backyardnature.net/snakadap.htm",
        "https://environment.des.qld.gov.au/wildlife/animals/living-with/snakes/importance",
        "https://primaryhomeworkhelp.co.uk/adaptations/snakes.htm",
        "https://www.atlasobscura.com/articles/garter-snakes-oregon-climate-change",
        "https://biomedicalsciences.unimelb.edu.au/departments/department-of-biochemistry-and-pharmacology/engage/avru/blog/snake-predation-strategies-part-1-bodies-and-behaviours"
    ],
    "Lil wayne 's favorite type of movie": [
        "https://www.ranker.com/list/best-lil-wayne-movies-list-of-lil-wayne-films/reference",
        "https://celebrityinside.com/music/rapper-lil-wayne-favorite-movie-color-cars-number-biography/",
        "https://www.tvguide.com/celebrities/lil-wayne/credits/3030057363/",
        "https://www.lilwaynehq.com/filmography/",
        "https://en.wikipedia.org/wiki/Lil_Wayne",
        "https://www.imdb.com/name/nm1211443/",
        "https://www.imdb.com/filmosearch/?sort=year&role=nm1211443",
        "https://www.themoviedb.org/person/95353-lil-wayne",
        "https://www.rottentomatoes.com/celebrity/1135309-lil_wayne",
        "https://www.aceshowbiz.com/celebrity/lil_wayne/filmography.html"
    ],
    "Where to get legendary pokemon on tppcrpg": [
        "https://wiki.tppc.info/Legendary_Pok%C3%A9mon",
        "https://forums.tppc.info/showthread.php?t=149516",
        "https://forums.tppc.info/showthread.php?t=570421",
        "https://wiki.tppc.info/Training_Accounts",
        "https://tpkrpg.net/forums/view_thread.php?id=4034",
        "https://www.polygon.com/palworld-guides/24056173/legendary-schematics-locations-how-to-get-where-to-find",
        "https://bulbapedia.bulbagarden.net/wiki/TPPC",
        "https://www.tppcrpg.net/",
        "https://wiki.tppc.info/TPPC_Wiki",
        "https://forums.tppc.info/"
    ],
    "What is moon jelly a radial or bilateral": [
        "https://www.americanoceans.org/species/moon-jelly/",
        "https://en.wikipedia.org/wiki/Aurelia_aurita",
        "https://animaldiversity.org/accounts/Aurelia_aurita/",
        "https://manoa.hawaii.edu/exploringourfluidearth/biological/invertebrates/structure-and-function",
        "https://indianapublicmedia.org/amomentofscience/the-radical-radial-summetry-of-moon-jellyfish.php",
        "https://oceanfauna.com/moon-jellyfish/",
        "https://www.britannica.com/animal/moon-jelly",
        "https://animaldiversity.org/accounts/Aurelia_labiata/",
        "https://www.theatlantic.com/technology/archive/2015/06/jellyfish-regenerate-stay-symmetrical/396029/",
        "https://www.montereybayaquarium.org/animals/animals-a-to-z/moon-jelly"
    ],
    "Does she love corbin blu": [
        "https://people.com/tv/who-is-sasha-clements-corbin-bleu/",
        "https://www.eonline.com/news/1354229/see-the-moment-corbin-bleu-met-future-wife-sasha-in-the-grocery-store",
        "https://culturess.com/2021/07/31/interview-hallmark-channel-corbin-bleu-love-for-real/",
        "https://www.etonline.com/news/193996_corbin_bleu_marries_longtime_love_sasha_clements",
        "https://www.thelist.com/675579/inside-monique-coleman-and-corbin-bleus-relationship/",
        "https://www.thesun.co.uk/tvandshowbiz/celebrities/16981954/who-is-corbin-bleu-married-to/",
        "https://people.com/celebrity/corbin-bleu-and-sasha-clements-are-married/",
        "https://people.com/celebrity/corbin-bleu-wedding-photos/",
        "https://news.amomama.com/211644-corbin-bleu-is-happily-married-sasha-cle.html",
        "https://heavy.com/entertainment/hallmark/corbin-bleu-wife/"
    ],
    "What is grammatical cohesion": [
        "https://academicmarker.com/academic-guidance/vocabulary/cohesive-devices/what-are-the-four-types-of-grammatical-cohesion/",
        "https://en.wikipedia.org/wiki/Cohesion_(linguistics)",
        "https://is.muni.cz/el/fss/podzim2020/CJVA101/99340132/Cohesion_in_Academic_Writing.pdf",
        "https://www.teachingenglish.org.uk/professional-development/teachers/knowing-subject/c/cohesion",
        "https://aeo.sllf.qmul.ac.uk/writing/cohesion-and-coherence/",
        "https://www.sciencedirect.com/science/article/pii/S1877042814002936",
        "https://study.com/academy/lesson/elements-of-cohesion-in-writing.html",
        "https://eltconcourse.com/training/initial/grammar_essentials/cohesion_essentials.html",
        "https://my.cgu.edu/writing-rhetoric/wp-content/uploads/sites/9/2021/11/CGU-CWR-Cohesion-Coherence-Handout.pdf",
        "https://iopscience.iop.org/article/10.1088/1742-6596/1339/1/012072/pdf"
    ],
    "What family does a lizard come from": [
        "https://www.britannica.com/animal/lizard",
        "https://en.wikipedia.org/wiki/Lizard",
        "https://animalcorner.org/animals/lizards/",
        "https://a-z-animals.com/animals/lizard/",
        "https://www.britannica.com/animal/lizard/Annotated-classification",
        "https://www.livescience.com/56017-lizard-facts.html",
        "https://animals.sandiegozoo.org/animals/lizard",
        "https://www.britannica.com/animal/lizard/Natural-history",
        "https://seaworld.org/animals/facts/reptiles/lizards/",
        "https://kids.britannica.com/kids/article/lizard/353393"
    ],
    "How much do event planners make yearly": [
        "https://www.thimble.com/blog/how-much-do-event-planners-make",
        "https://www.payscale.com/research/US/Job=Event_Planner/Salary",
        "https://www.glassdoor.com/Salaries/event-planner-salary-SRCH_KO0,13.htm",
        "https://www.indeed.com/career-advice/pay-salary/how-much-do-event-planners-make",
        "https://www.careerexplorer.com/careers/event-planner/salary/",
        "https://www.indeed.com/career/event-planner/salaries",
        "https://www.salary.com/research/salary/recruiting/event-planner-salary",
        "https://builtin.com/salaries/marketing/event-planner",
        "https://eventplanningblueprint.com/average-event-planners-salary/",
        "https://money.usnews.com/careers/best-jobs/meeting-convention-and-event-planner/salary"
    ],
    "What did the person that invented the first motor bike look like": [
        "https://science.howstuffworks.com/innovation/inventions/first-motorcycle.htm",
        "https://www.topspeed.com/motorcycles/motorcycle-news/who-invented-motorcycles-the-story-of-the-first-motorcycle/",
        "https://www.thoughtco.com/history-of-the-motorcycle-1992151",
        "https://en.wikipedia.org/wiki/History_of_the_motorcycle",
        "https://www.cardosystems.com/blog/the-history-of-the-motorcycle/",
        "http://www.bicyclehistory.net/motorcycle-history/first-motorcycle/",
        "https://twomotion.net/2019/history-of-motorcycles-1885-until-1955/",
        "https://www.the-sun.com/news/3439422/who-invented-first-motorcycle/",
        "http://www.bicyclehistory.net/motorcycle-history/motorocycle-timeline/",
        "https://www.rideapart.com/features/264790/ask-rideapart-what-was-the-first-motorcycle-ever-built/"
    ],
    "What are some cloven hooved animals": [
        "https://faunafacts.com/animals/animals-with-cloven-hooves/",
        "https://animalofthings.com/animals-with-cloven-hooves/",
        "https://a-z-animals.com/reference/cloven-hoofed/",
        "https://faunafacts.com/animals/animals-with-hooves/",
        "https://animalsresearch.com/cloven-hoofed-animals/",
        "https://en.wikipedia.org/wiki/Hoof",
        "https://en.wikipedia.org/wiki/Ungulate",
        "https://wildlifeboss.com/animals-with-cloven-hooves/",
        "https://wildlifeinformer.com/animals-with-hooves/",
        "https://www.thoughtco.com/even-toed-hoofed-mammals-130019"
    ],
    "1963 five dollar bill with red serial numbers": [
        "https://oldcurrencyvalues.com/1963_five_dollar_bills/",
        "https://oldcurrencyvalues.com/red_seal_five_dollar_bills/",
        "https://www.papermoneywanted.com/1963-five-dollar-legal-tender-or-united-states-notes",
        "https://www.coinvaluelookup.com/how-much-is-a-1963-5-bill-worth/",
        "https://www.coinvaluechecker.com/how-much-is-1963-5-dollar-bill-worth/",
        "https://www.valuableuscoins.com/1963-5-dollar-bill-value/",
        "https://parrisislandmuseum.com/1963-5-dollar-bill-value-a-mint-mark/",
        "https://en.numista.com/catalogue/note201830.html",
        "https://www.collectons.com/shop/item/62262/Five-Dollar-Bill-Red-Seal-STAR-NOTE-Series-1963-US-Currency",
        "https://en.wikipedia.org/wiki/United_States_five-dollar_bill"
    ],
    "How do you get rid of acene fast": [
        "https://www.glamour.com/story/how-to-get-rid-of-a-pimple",
        "https://www.healthline.com/nutrition/13-acne-remedies",
        "https://www.wikihow.com/Get-Rid-of-Acne-Fast",
        "https://www.aad.org/public/diseases/acne/DIY/wont-clear",
        "https://health.clevelandclinic.org/a-dermatologists-advice-on-how-to-get-rid-of-a-pimple",
        "https://www.wikihow.com/Get-Rid-of-Acne",
        "https://www.healthline.com/nutrition/get-rid-of-pimples-fast",
        "https://www.mayoclinic.org/diseases-conditions/acne/diagnosis-treatment/drc-20368048",
        "https://www.aad.org/public/diseases/acne/skin-care/tips",
        "https://www.verywellhealth.com/how-to-get-rid-of-pimples-7853364"
    ],
    "What is a moderately slow oven": [
        "https://en.wikipedia.org/wiki/Oven_temperatures",
        "https://www.womensweeklyfood.com.au/foodie-facts/oven-temperature-conversions-1314/",
        "https://recipes.net/articles/oven-temperature-conversion/",
        "https://www.homemade-dessert-recipes.com/oven-temperature-guide.html",
        "https://www.livestrong.com/article/438575-how-to-slow-cook-in-the-oven/",
        "https://www.apronfreecooking.com/hints-and-tips/oven-temperature-chart/",
        "https://www.newidea.com.au/oven-temperature",
        "https://www.inspiredtaste.net/23326/oven-temperature-conversion/",
        "https://www.bakinglikeachef.com/oven-temperature-conversion-chart/",
        "https://en.wikibooks.org/wiki/Cookbook:Oven_Temperatures"
    ],
    "Are Lea and cory dating": [
        "https://www.thelist.com/952614/the-truth-about-cory-monteiths-relationship-with-lea-michele/",
        "https://www.nickiswift.com/672718/the-truth-about-lea-michele-and-cory-monteiths-relationship/",
        "https://people.com/celebrity/cory-monteith-and-lea-michele-were-they-engaged/",
        "https://www.eonline.com/news/1391868/glees-kevin-mchale-reveals-surprising-way-he-learned-lea-michele-cory-monteith-were-dating-irl",
        "https://www.lifeandstylemag.com/posts/lea-michele-and-cory-monteiths-relationship-timeline-started-on-glee/",
        "https://www.lifeandstylemag.com/posts/glees-kevin-started-lea-michele-cory-monteith-dating-rumors/",
        "https://www.eonline.com/news/1361520/cory-monteiths-friend-reflects-on-glee-stars-relationship-with-lea-michele",
        "https://www.buzzfeed.com/ashleyperez/a-timeline-of-cory-monteith-and-lea-micheles-relationship",
        "https://www.j-14.com/posts/cory-monteith-and-lea-michele-complete-relationship-timeline/",
        "https://news.amomama.com/292564-timeline-lea-michele-cory-monteiths-pass.html"
    ],
    "What are some commensasm relationships": [
        "https://wildlifeinformer.com/examples-of-commensalism-relationships/",
        "https://www.thoughtco.com/commensalism-definition-and-examples-4114713",
        "https://www.hummingbirdsplus.org/nature-blog-network/12-examples-of-commensalism-relationships-wildlife-informer/",
        "https://biologydictionary.net/commensalism/",
        "https://www.britannica.com/science/commensalism",
        "https://sciencing.com/commensalism-definition-types-facts-examples-13719235.html",
        "https://sciencenotes.org/commensalism-definition-and-examples/",
        "https://www.biologyonline.com/dictionary/commensalism",
        "https://en.wikipedia.org/wiki/Commensalism",
        "https://bio.libretexts.org/Courses/Evergreen_Valley_College/Introduction_to_Ecology_(Kappus)/08%3A_Species_Interactions_in_Communities/8.04%3A_Commensalism_and_Mutualism"
    ],
    "Where are the Black Hills located": [
        "https://en.wikipedia.org/wiki/Black_Hills",
        "https://www.britannica.com/place/Black-Hills",
        "https://www.the-black-hills.com/the-black-hills/where-are-the-black-hills-located/",
        "https://www.blackhillsbadlands.com/",
        "https://morethanjustparks.com/black-hills-national-forest/",
        "https://www.fs.usda.gov/blackhills",
        "https://www.travelsouthdakota.com/trip-ideas/story/14-surprising-facts-about-south-dakotas-black-hills-and-badlands",
        "https://www.blackhillsbadlands.com/maps",
        "https://www.moon.com/travel/trip-ideas/geography-geology-black-hills/",
        "https://www.fs.usda.gov/detail/blackhills/about-forest/about-area/?cid=STELPRDB5110881"
    ],
    "What caused worldwide economic crisis": [
        "https://www.investopedia.com/terms/g/great-recession.asp",
        "https://www.britannica.com/money/topic/great-recession",
        "https://www.weforum.org/agenda/2020/09/an-economist-explains-what-covid-19-has-done-to-the-global-economy/",
        "https://www.investopedia.com/articles/economics/09/financial-crisis-review.asp",
        "https://www.weforum.org/agenda/2024/01/global-risks-report-country-comparison-economy/",
        "https://www.history.com/topics/21st-century/recession",
        "https://unctad.org/news/multiple-crises-unleash-one-lowest-global-economic-outputs-recent-decades-says-un-report",
        "https://news.un.org/en/story/2022/07/1123342",
        "https://www.un.org/development/desa/dpad/publication/world-economic-situation-and-prospects-february-2021-briefing-no-146/",
        "https://news.un.org/en/story/2022/01/1109702"
    ],
    "Where does a snowstorm less likely happen": [
        "https://www.cnn.com/2023/11/25/weather/snowfall-temperatures-climate-change-water/index.html",
        "https://www.cnn.com/2023/11/03/weather/us-snowfall-maps-el-nino-winter-climate/index.html",
        "https://scied.ucar.edu/learning-zone/storms/winter-storms",
        "https://nsidc.org/learn/parts-cryosphere/snow/science-snow",
        "https://en.wikipedia.org/wiki/Winter_storm",
        "https://www.epa.gov/climate-indicators/climate-change-indicators-snowfall",
        "https://scied.ucar.edu/learning-zone/storms/blizzards",
        "https://www.cnn.com/2022/01/13/weather/winter-storm-snow-ice-for-south-and-east/index.html",
        "https://www.npr.org/2024/01/08/1223525948/us-severe-weather-winter-storm-blizzard",
        "https://www.nytimes.com/interactive/2024/upshot/snow-forecast-totals-lookup.html"
    ],
    "Class action lawsuit": [
        "https://topclassactions.com/category/lawsuit-settlements/open-lawsuit-settlements/",
        "https://www.classaction.org/list-of-lawsuits",
        "https://www.classaction.org/",
        "https://www.consumer-action.org/lawsuits/by-status/open",
        "https://www.classaction.org/settlements",
        "https://www.classaction.org/learn/what-is-a-class-action",
        "https://www.classaction.com/",
        "https://www.classaction.org/learn/lawsuits-overview",
        "https://www.natlawreview.com/article/class-actions-101",
        "https://www.classaction.com/lawsuits/"
    ],
    "Stratified random sampling": [
        "https://www.investopedia.com/terms/stratified_random_sampling.asp",
        "https://www.scribbr.com/methodology/stratified-sampling/",
        "https://www.simplypsychology.org/stratified-random-sampling.html",
        "https://en.wikipedia.org/wiki/Stratified_sampling",
        "https://www.khanacademy.org/math/statistics-probability/designing-studies/sampling-methods-stats/a/sampling-methods-review",
        "https://statisticsbyjim.com/basics/stratified-sampling/",
        "https://www.questionpro.com/blog/stratified-random-sampling/",
        "https://researchmethod.net/stratified-sampling/",
        "https://www.statisticshowto.com/probability-and-statistics/sampling-in-statistics/stratified-random-sample/",
        "https://www.scribbr.co.uk/research-methods/stratified-sampling-method/"
    ],
    "Number of quarters in a roll": [
        "https://www.thesprucecrafts.com/number-of-coins-in-roll-768862",
        "https://coins.thefuntimesguide.com/coin-rolls/",
        "https://thesilverpicker.com/how-many-coins-are-in-a-roll/",
        "https://greenlight.com/learning-center/fun-facts/how-many-dimes-in-a-roll",
        "https://www.supermoney.com/how-much-is-roll-of-quarters",
        "https://sdbullion.com/blog/how-many-quarters-in-a-roll",
        "https://learn.apmex.com/answers/how-many-coins-are-in-a-standard-u-s-roll/",
        "https://cointrackers.com/blog/39/how-many-coins-are-in-a-roll/",
        "https://www.gainesvillecoins.com/blog/how-many-coins-are-in-a-coin-roll",
        "https://moneywise.com/banking/banking-basics/how-to-roll-coins"
    ],
    "Who was in spains first government": [
        "https://www.britannica.com/place/Spain/Government-and-society",
        "https://en.wikipedia.org/wiki/History_of_Spain",
        "https://en.wikipedia.org/wiki/Politics_of_Spain",
        "https://en.wikipedia.org/wiki/Government_of_Spain",
        "https://www.britannica.com/place/Spain/History",
        "https://www.lamoncloa.gob.es/lang/en/espana/historyandculture/history/Paginas/index.aspx",
        "https://www.britannica.com/topic/history-of-Spain",
        "https://www.bbc.com/news/world-europe-17955805",
        "https://www.cia.gov/the-world-factbook/countries/spain/",
        "https://www.khanacademy.org/humanities/us-history/precontact-and-early-colonial-era/spanish-colonization/a/the-spanish-conquistadores-and-colonial-empire"
    ],
    "What si social darwinism": [
        "https://www.britannica.com/topic/social-Darwinism",
        "https://www.history.com/topics/early-20th-century-us/social-darwinism",
        "https://www.simplypsychology.org/social-darwinism.html",
        "https://en.wikipedia.org/wiki/Social_Darwinism",
        "https://www.khanacademy.org/humanities/us-history/the-gilded-age/gilded-age/a/social-darwinism-in-the-gilded-age",
        "https://www.merriam-webster.com/dictionary/social%20Darwinism",
        "https://www.encyclopedia.com/history/united-states-and-canada/us-history/social-darwinism",
        "https://www.oxfordbibliographies.com/abstract/document/obo-9780199756384/obo-9780199756384-0166.xml",
        "https://www.cambridge.org/core/books/cambridge-encyclopedia-of-darwin-and-evolutionary-thought/social-darwinism/7BC77FE554764FE89290EE0697BAA6D0",
        "https://link.springer.com/referenceworkentry/10.1007/978-3-319-47829-6_137-1"
    ],
    "Persecution of the christian church": [
        "https://www.vaticannews.va/en/church/news/2022-01/persecution-against-christians-on-the-rise-worldwide.html",
        "https://en.wikipedia.org/wiki/Persecution_of_Christians",
        "https://www.christianitytoday.com/news/2023/january/christian-persecution-2023-countries-open-doors-watch-list.html",
        "https://www.vaticannews.va/en/church/news/2023-01/over-360-million-christians-suffering-persecution-in-the-world.html",
        "https://www.persecution.org/2023/11/02/icc-releases-2023-persecutors-of-the-year-report/",
        "https://www.liberty.edu/champion/2022/12/new-statistics-on-growing-persecution-against-christians/",
        "https://www.persecution.org/all-news/",
        "https://www.christianitytoday.com/history/issues/issue-27/persecution-in-early-church-christian-history-timeline.html",
        "https://en.wikipedia.org/wiki/Persecution_of_Christians_in_the_New_Testament",
        "https://www.theguardian.com/world/2021/jan/13/christian-persecution-rises-as-people-refused-aid-in-covid-crisis-report"
    ],
    "Where does saltwater sponges live": [
        "https://animals.net/sea-sponge/",
        "https://oceanservice.noaa.gov/facts/sponge.html",
        "https://www.thoughtco.com/sponges-profile-2291833",
        "https://reefs.com/magazine/aquarium-invertebrates-a-look-at-the-sponges/",
        "https://oceaninfo.com/animals/sea-sponge/",
        "https://myreef.aquariumdepot.com/how-to-look-after-sea-sponges/",
        "https://manoa.hawaii.edu/exploringourfluidearth/biological/invertebrates/phylum-porifera",
        "https://www.britannica.com/animal/sponge-animal",
        "https://en.wikipedia.org/wiki/Sponge",
        "https://www.fisheries.noaa.gov/feature-story/discovering-deep-sea-sponges-alaska"
    ],
    "The photic zone has an maximum depth of": [
        "https://en.wikipedia.org/wiki/Photic_zone",
        "https://www.britannica.com/science/photic-zone",
        "https://www.sciencedirect.com/topics/earth-and-planetary-sciences/photic-zone",
        "https://bio.libretexts.org/Bookshelves/Introductory_and_General_Biology/Book%3A_Introductory_Biology_(CK-12)/06%3A_Ecology/6.11%3A_Aquatic_Biomes",
        "https://oceanservice.noaa.gov/facts/light_travel.html",
        "https://k12.libretexts.org/Bookshelves/Science_and_Technology/Earth_Science/09%3A_Earth's_Oceans/9.03%3A_Ocean_Zones",
        "https://www.encyclopedia.com/science/encyclopedias-almanacs-transcripts-and-maps/photic-zone-0",
        "https://sciencestruck.com/helpful-guide-to-understand-photic-zone",
        "https://opentextbc.ca/physicalgeology2ed/wp-content/uploads/sites/298/2019/08/Physical-Geology-2nd-Edition-Chapter-18-Geology-of-the-Oceans.pdf",
        "https://openoregon.pressbooks.pub/earthscience/chapter/14-1-the-topography-of-the-sea-floor/"
    ],
    "Blue and pink make what": [
        "https://thecolorsmeaning.com/what-color-blue-pink-make-mixed/",
        "https://www.color-meanings.com/what-color-blue-pink-make-mixed/",
        "https://artincontext.org/what-color-does-blue-and-pink-make/",
        "https://www.colorpsychology.org/what-color-do-blue-and-pink-make-when-mixed/",
        "https://www.canva.com/colors/color-wheel/",
        "https://www.color-meanings.com/color-mixing-guide/",
        "https://colorscombo.com/what-color-does-blue-and-pink-make/",
        "https://www.youtube.com/watch?v=fPA2QPgvnFA",
        "https://www.enchantedlearning.com/art/Colormixing.shtml",
        "http://www.colorsontheweb.com/Color-Theory/The-Color-Wheel"
    ],
    "What are the various irrigation practices in the villages": [
        "https://www.districtgov.org/departments/utilities/irrigation.aspx",
        "https://www.talkofthevillages.com/forums/villages-florida-general-discussion-73/irrigation-schedule-346475/",
        "https://www.talkofthevillages.com/forums/villages-florida-general-discussion-73/lawn-irrigation-questions-317456/",
        "https://www.villagescommunity.com/news/-what-are-the-current-watering-guidelines",
        "https://www.talkofthevillages.com/forums/villages-florida-general-discussion-73/how-much-irrigation-water-do-you-use-316937/",
        "https://www.yelp.com/search?cflt=irrigation&find_loc=The+Villages%2C+FL+32162",
        "https://www.usgs.gov/special-topics/water-science-school/science/irrigation-methods-a-quick-look",
        "https://www.researchgate.net/publication/355194184_Indigenous_Irrigation_Practices",
        "https://www.nationalgeographic.org/encyclopedia/irrigation/",
        "https://www.angi.com/companylist/us/fl/the-villages/lawn-irrigation.htm"
    ],
    "How do you care for newborn pitbull pups": [
        "https://pethelpful.com/dogs/pit-bull-puppies-from-birth-to-six-weeks",
        "https://www.pawtracks.com/dogs/care-for-pitbull-puppy/",
        "https://zimpitbulls.com/how-to-care-for-newborn-pitbull-puppies/",
        "https://www.akc.org/expert-advice/dog-breeding/raising-newborn-puppies/",
        "https://www.petmd.com/dog/care/new-puppy-care-0-7-weeks",
        "https://pitbulls.org/article/guide-stages-pit-bull-puppy-development",
        "https://petsleeks.com/pitbull-baby/",
        "https://www.wikihow.com/Take-Care-of-a-Pitbull-Puppy",
        "https://petventuresbook.com/blogs/dog-breeds/owners-guide-to-pitbull-puppies",
        "https://www.thesprucepets.com/puppy-development-from-newborn-to-one-week-4588125"
    ],
    "10 common defects characteristics in timber": [
        "https://www.decks.com/how-to/articles/common-wood-defects-types-causes-of-lumber-issues",
        "https://civiltoday.com/civil-engineering-materials/timber/85-defects-in-timber-types-and-reasons",
        "https://www.wildedgewoodcraft.com/blog/11-most-common-lumber-defects-and-their-remedies",
        "https://theconstructor.org/building/types-of-defects-in-timber/21521/",
        "https://www.woodworkingnetwork.com/best-practices-guide/solid-wood-machining/understanding-working-wood-defects",
        "https://www.thelumbershack.com/pages/wood-characteristics-and-common-defects",
        "https://civilseek.com/defects-in-timber/",
        "https://www.thelumbershack.com/blogs/news/a-guide-to-the-common-wood-defects-lumber-shack",
        "https://markslumber.us/blog/common-defects-to-consider-in-timber-grading",
        "https://treetotimber.com/defects-in-timbers-types-and-prevention/"
    ],
    "What are chinas important landmarks": [
        "https://www.chinahighlights.com/travelguide/article-china-landmarks.htm",
        "https://www.destguides.com/china/china-landmarks-famous-landmarks-in-china",
        "https://www.travelchinaguide.com/cityguides/famous-landmarks.htm",
        "https://thetripgoeson.com/china-landmarks/",
        "https://www.chinahighlights.com/travelguide/article/historical-sites.htm",
        "https://www.jonesaroundtheworld.com/famous-landmarks-in-china/",
        "https://travel2next.com/china-landmarks/",
        "https://www.planetware.com/tourist-attractions/china-chn.htm",
        "https://theadventurousfeet.com/china-landmarks-most-beautiful-places-in-china/",
        "https://www.topchinatravel.com/china-guide/famous-landmarks-in-china.htm"
    ],
    "What are utahs four largest cities": [
        "https://worldpopulationreview.com/states/cities/utah",
        "https://www.worldatlas.com/cities/10-largest-cities-in-utah.html",
        "https://www.biggestuscities.com/ut",
        "https://wasatchmovingco.com/blog/largest-cities-in-utah/",
        "https://www.utah-demographics.com/cities_by_population",
        "https://www.ksl.com/article/50223253/census-data-utahs-new-top-10-most-populated-cities--and-other-emerging-places",
        "https://www.lavidanomad.com/biggest-cities-in-utah/",
        "https://a-z-animals.com/blog/discover-the-largest-cities-in-utah-by-population-total-area-and-economic-impact/",
        "https://en.wikipedia.org/wiki/List_of_municipalities_in_Utah",
        "https://www.biggestuscities.com/ut/2020"
    ],
    "What are two powers that the legislative branch has": [
        "https://classroom.synonym.com/what-powers-does-the-legislative-branch-have-12082815.html",
        "https://www.whitehouse.gov/about-the-white-house/our-government/the-legislative-branch/",
        "https://www.history.com/topics/us-government-and-politics/legislative-branch",
        "https://constitutioncenter.org/education/constitution-101-curriculum/7-the-legislative-branch-how-congress-works",
        "https://www.law.cornell.edu/constitution/articlei",
        "https://www.house.gov/the-house-explained/branches-of-government",
        "https://constitutioncenter.org/the-constitution/articles/article-i",
        "https://www.thoughtco.com/the-legislative-branch-of-us-government-3322299",
        "https://www.britannica.com/study/legislative-branch",
        "https://constitution.congress.gov/browse/essay/artI-1/ALDE_00000242/"
    ],
    "Branches on every division of philosophy": [
        "https://www.thecollector.com/what-are-the-branches-of-philosophy/",
        "https://en.wikipedia.org/wiki/Outline_of_philosophy",
        "https://leverageedu.com/blog/branches-of-philosophy/",
        "https://en.wikibooks.org/wiki/Introduction_to_Philosophy/The_Branches_of_Philosophy",
        "https://philosophy.lander.edu/intro/what.shtml",
        "https://www.worldatlas.com/philosophy/what-are-the-major-branches-of-philosophy.html",
        "https://philosophy.lander.edu/intro/what.html",
        "https://philosophybreak.com/what-is-philosophy-definition-4-core-branches/",
        "https://overtimephilosophy.com/branches-of-philosophy-your-comprehensive-guide-to-the-main-ones/",
        "https://philosophy.lander.edu/intro/introbook2.1/x924.html"
    ],
    "What do the people in lebanon speak": [
        "https://www.worldatlas.com/articles/what-languages-are-spoken-in-lebanon.html",
        "https://en.wikipedia.org/wiki/Languages_of_Lebanon",
        "https://howwidelyspoken.com/what-language-do-they-speak-in-lebanon/",
        "https://en.wikipedia.org/wiki/Lebanese_people",
        "https://en.wikipedia.org/wiki/Lebanese_Arabic",
        "https://www.commisceo-global.com/resources/country-guides/lebanon-guide",
        "https://www.everyculture.com/Ja-Ma/Lebanon.html",
        "https://talkinarabic.com/levantine/what-language-is-spoken-in-lebanon/",
        "https://www.britannica.com/place/Lebanon",
        "https://www.studycountry.com/guide/LB-language.htm"
    ],
    "What is the reason for the novel The Da Vinci Code": [
        "https://www.sparknotes.com/lit/davincicode/",
        "https://biblearchaeology.org/research/contemporary-issues/3997-the-historical-basis-of-dan-browns-the-da-vinci-code",
        "https://www.bbc.co.uk/programmes/articles/5nD9yKRX1SyhRdP0ZX95qm7/the-strange-true-story-behind-the-da-vinci-code",
        "https://bookanalysis.com/dan-brown/the-da-vinci-code/review/",
        "https://bookanalysis.com/dan-brown/the-da-vinci-code/historical-context/",
        "https://bookanalysis.com/dan-brown/the-da-vinci-code/summary/",
        "https://collider.com/the-da-vinci-code-true-story/",
        "https://www.supersummary.com/the-da-vinci-code/summary/",
        "https://www.looper.com/897086/the-untold-truth-of-the-da-vinci-code/",
        "https://note.com/akamatsuthomas/n/n380d7f353ce3"
    ],
    "How many millimeter in one liter": [
        "https://www.unitconverters.net/volume/l-to-ml.htm",
        "http://convertwizard.com/convert-liters-to-millimeters",
        "https://www.calculatorology.com/how-many-ml-in-a-liter/",
        "https://www.thecalculatorsite.com/conversions/liquidvolume/milliliters-to-liters.php",
        "https://www.calculateme.com/volume/liters/to-milliliters/1",
        "https://www.metric-conversions.org/volume/liters-to-milliliters.htm",
        "https://www.asknumbers.com/liter-to-milliliter.aspx",
        "https://unitconverters.org/1-liters-to-milliliters",
        "https://www.convertworld.com/en/volume/litre/l-to-ml.html",
        "https://www.inchcalculator.com/convert/milliliter-to-liter/"
    ],
    "What language do people speak in Angola": [
        "https://en.wikipedia.org/wiki/Languages_of_Angola",
        "https://www.worldatlas.com/articles/what-languages-are-spoken-in-angola.html",
        "https://www.commisceo-global.com/resources/country-guides/angola-guide",
        "https://www.justlanded.com/english/Angola/Angola-Guide/Language/Languages-in-Angola",
        "https://howwidelyspoken.com/what-language-do-they-speak-in-angola/",
        "https://www.getblend.com/blog/languages-of-angola/",
        "https://en.wikipedia.org/wiki/Angola",
        "https://www.britannica.com/place/Angola/People",
        "https://www.wikiwand.com/en/Languages_of_Angola",
        "https://www.goethe.de/prj/zei/en/art/21722738.html"
    ],
    "How can you delete your millsberry": [
        "https://www.answers.com/computer-science/How_do_you_delete_a_millsberry_account",
        "https://millsberry.fandom.com/wiki/Millsberry",
        "https://gameslikefinder.com/article/gaming-archive-millsberry/",
        "https://clean.email/have-you-been-pwned/how-to-delete-digital-footprint",
        "https://www.reddit.com/r/nostalgia/comments/imbol5/did_anyone_else_play_millsberry_im_still_sad_it/",
        "https://www.youtube.com/watch?v=YsrgCdEATTc",
        "https://www.businessinsider.com/guides/streaming/how-to-delete-youtube-channel",
        "https://www.businessinsider.in/tech/how-to/how-to-delete-your-youtube-channel-and-permanently-erase-its-content-or-temporarily-hide-it/articleshow/80471367.cms",
        "https://www.change.org/p/general-mills-bring-back-millsberry-2020",
        "https://www.salon.com/2022/11/07/revisiting-millsberry-the-wild-rise-and-fall-of-general-mills-virtual-cereal-themed-town/"
    ],
    "Would be a key to preventing future genocide": [
        "https://www.unesco.org/en/articles/critical-thinking-and-learning-about-past-are-key-preventing-future-genocides",
        "https://www.ids.ac.uk/news/what-can-be-done-to-prevent-genocide/",
        "https://www.reuters.com/world/middle-east/key-takeaways-world-court-decision-israei-genocide-case-2024-01-26/",
        "https://news.un.org/en/story/2023/01/1132792",
        "https://www.un.org/en/genocideprevention/prevention.shtml",
        "https://www.un.org/en/genocideprevention/",
        "https://www.un.org/en/genocideprevention/15th-anniversary.shtml",
        "https://www.ohchr.org/en/stories/2018/09/genocide-never-again-has-become-time-and-again",
        "https://theconversation.com/un-court-ruling-against-israel-shows-limits-of-legal-power-to-prevent-genocide-but-rapid-speed-222109",
        "https://www.ushmm.org/support/why-support/our-work-and-mission/preventing-genocide"
    ],
    "How many teaspoons in one half ounce liquid": [
        "https://www.asknumbers.com/ounces-to-teaspoon.aspx",
        "https://www.calculateme.com/volume/fluid-ounces/to-teaspoons/1",
        "https://ezunitconverter.com/volume/ounce/teaspoon/1%7C2",
        "https://www.inchcalculator.com/convert/fluid-ounce-to-teaspoon/",
        "https://www.calculateme.com/volume/fluid-ounces/to-teaspoons/",
        "https://www.inchcalculator.com/convert/ounce-to-teaspoon/",
        "https://www.unitconverters.net/volume/fluid-ounce-us-to-teaspoon-us.htm",
        "https://calculator-converter.com/teaspoons-to-ounces.htm",
        "https://www.unitconverters.net/volume/teaspoon-us-to-fluid-ounce-us.htm",
        "https://www.calculatorology.com/ounce-to-teaspoon/"
    ],
    "What are some cheerleading facts": [
        "https://www.factretriever.com/cheerleading-facts",
        "https://kidadl.com/facts/interesting-cheerleading-facts-you-didn-t-know-about-this-sport",
        "https://facts.net/general/19-fun-facts-about-cheerleading/",
        "https://facts.net/lifestyle/sports/13-facts-about-cheerleading/",
        "https://about.proquest.com/en/blog/2019/10-facts-about-cheerleading/",
        "https://www.rookieroad.com/cheerleading/list-cheerleading-facts-2135996/",
        "https://www.lovetoknow.com/life/lifestyle/cheerleading-facts",
        "https://www.britannica.com/sports/cheerleading",
        "https://blog-staging.omnicheer.com/post/did-you-know-10-facts-about-cheerleading/",
        "https://www.liveabout.com/cheerleading-history-4080643"
    ],
    "When is the coast guard day celebrated": [
        "https://en.wikipedia.org/wiki/Coast_Guard_Day",
        "https://afd.defense.gov/History/Coast-Guard-Day/",
        "https://www.military.com/coast-guard-birthday",
        "https://nationaltoday.com/u-s-coast-guard-birthday/",
        "https://www.mycg.uscg.mil/News/Article/3116155/the-coast-guard-celebrates-232-years-of-service/",
        "https://www.military.com/military-appreciation-month/origins-of-coast-guard-day.html",
        "https://www.militaryspot.com/news/celebrating-national-coast-guard-day",
        "https://www.nationaldaycalendar.com/national-day/national-coast-guard-day-august-4",
        "https://www.uso.org/stories/2273-9-coast-guard-facts",
        "https://americangimuseum.org/coast-guard-birthday/"
    ],
    "How far away it is from mercury": [
        "https://science.nasa.gov/mercury/facts/",
        "https://www.space.com/18646-mercury-distance.html",
        "https://nineplanets.org/distance-between-planets/",
        "https://lovethenightsky.com/how-far-away-is-mercury/",
        "https://www.universetoday.com/14165/distance-from-earth-to-mercury/",
        "https://coolcosmos.ipac.caltech.edu/ask/25-How-far-is-Mercury-from-Earth-",
        "https://www.astronomy.com/science/mercury/",
        "https://www.space.com/36-mercury-the-suns-closest-planetary-neighbor.html",
        "https://www.universetoday.com/14163/how-far-is-mercury-from-the-sun/",
        "https://www.nationalgeographic.com/science/article/mercury"
    ],
    "Code for rip jaws in dna": [
        "https://www.youtube.com/watch?v=w6FMaS8fNok",
        "https://qa.answers.com/games-qa/What_are_the_new_codes_of_ben_10_DNA_lab_ripjaws_and_greymatter",
        "https://www.answers.com/art-and-architecture/What_is_the_Ben_10_DNA_code_of_ripjaws",
        "https://en.wikipedia.org/wiki/DNA_and_RNA_codon_tables",
        "https://www.khanacademy.org/science/ap-biology/gene-expression-and-regulation/translation/a/the-genetic-code-discovery-and-properties",
        "https://ben10.fandom.com/wiki/Ripjaws_(Classic)",
        "https://www.reddit.com/r/Ben10/comments/vv3d4x/codes_for_the_alien_dna_lab_if_you_guys_want_to/",
        "https://en.wikipedia.org/wiki/Genetic_code",
        "https://www.ncbi.nlm.nih.gov/pmc/articles/PMC6620406/",
        "https://www.britannica.com/science/genetic-code"
    ],
    "Worlds largest chicken": [
        "https://a-z-animals.com/blog/the-10-largest-chickens-in-the-world/",
        "https://www.knowyourchickens.com/largest-chicken-breed/",
        "https://www.guinnessworldrecords.com/world-records/70789-heaviest-breed-of-chicken",
        "https://largest.org/animals/chicken-breeds/",
        "https://www.outdoorhappens.com/largest-chicken-breed-biggest-chicken-in-the-world/",
        "https://www.h2ouse.org/largest-chicken-breed/",
        "https://www.thehappychickencoop.com/largest-chicken-breed/",
        "https://www.grunge.com/170977/the-largest-chicken-breed-in-the-world/",
        "https://www.chickenidentifier.com/biggest-chicken-in-the-world/",
        "https://chickenmag.com/largest-chicken-breeds/"
    ],
    "What is the postal code of kentucky": [
        "https://www.unitedstateszipcodes.org/ky/",
        "https://www.zip-codes.com/state/ky.asp",
        "https://zipcodes-us.com/zip/ky",
        "https://worldpostalcode.com/united-states/kentucky/",
        "https://us-postoffice.com/zip-codes/kentucky",
        "https://thezipcodeapp.com/Kentucky",
        "https://tools.usps.com/go/ZipLookupAction_input",
        "https://www.randymajors.org/zipcodegmap?state=KY&onestate=show&labels=show",
        "https://usazipcodes.net/kentucky-zip-codes/",
        "https://zipcodes.org/kentucky-zip-codes"
    ],
    "What creates a sandstorm": [
        "https://eartheclipse.com/environment/sandstorms-causes-effects-facts.html",
        "https://en.wikipedia.org/wiki/Dust_storm",
        "https://www.wonderopolis.org/wonder/what-causes-sandstorms",
        "https://ownyourweather.com/what-is-a-dust-storm/",
        "https://www.youtube.com/watch?v=FqqhlrB2ClA",
        "https://www.science.org/content/article/physics-sandstorms",
        "https://weatherstreet.com/weatherquestions/What_causes_sandstorms.htm",
        "https://www.weatherwizkids.com/?page_id=1333",
        "https://www.accuweather.com/en/accuweather-ready/how-and-where-dust-storms-occur/686881",
        "https://www.youtube.com/watch?v=Qik0O-16H0I"
    ],
    "How much does a pound of marijuana cost in the us": [
        "https://homegrowncannabisco.com/grow-your-own-with-kyle-kushman/cannabis-culture/how-much-is-a-pound-of-weed/",
        "https://loudcloudhealth.com/resources/how-much-is-a-pound-of-weed/",
        "https://honestmarijuana.com/what-does-weed-cost/",
        "https://oxfordtreatment.com/substance-abuse/marijuana/average-cost-of-marijuana/",
        "https://potguide.com/blog/article/pound-of-weed-worth/",
        "https://flavorfix.com/guides/how-much-does-weed-cost/",
        "https://www.leafly.com/news/industry/us-marijuana-harvest-price-report-2020",
        "https://ogseeds.com/guides/how-much-is-a-pound-of-cannabis/",
        "https://www.statista.com/statistics/1036563/cannabis-spot-price-by-month-us/",
        "https://www.leafly.com/learn/cannabis-glossary/pound"
    ],
    "How do you get the keys in sleuthhound": [
        "https://forums2.battleon.com/f/tm.asp?m=17362925",
        "https://www.youtube.com/watch?v=nefkbU1pOWs",
        "https://www.youtube.com/watch?v=ZHIwK_CaFZM",
        "https://www.answers.com/Q/Where_is_the_skull_key_at_sleuthhound_inn_on_aqw",
        "https://aqworldswiki.com/w/SleuthHound_Mystery_Inn",
        "https://www.youtube.com/watch?v=FL6ds5KrVtU",
        "https://www.howtogeek.com/how-to-check-if-you-can-upgrade-your-ram-on-windows/",
        "http://aqwwiki.wikidot.com/sleuthhound-inn",
        "https://abcnews.go.com/US/wireStory/house-tees-vote-enhance-child-tax-credit-revive-106845812",
        "https://www.forbes.com/sites/adamminsky/2024/01/29/student-loan-forgiveness-could-begin-this-week-under-new-biden-plan/"
    ],
    "Where is the largest bridgewho built itwhat kind of bridge is it": [
        "https://largest.org/structures/bridges/",
        "https://www.britannica.com/topic/Verrazano-Narrows-Bridge",
        "https://www.treehugger.com/worlds-longest-bridges-4869197",
        "https://www.cnn.com/travel/article/worlds-longest-bridges/index.html",
        "https://www.worldatlas.com/articles/20-longest-bridges-in-the-world.html",
        "https://www.thomasnet.com/insights/where-is-the-longest-bridge-in-the-world/",
        "https://en.wikipedia.org/wiki/Vasco_da_Gama_Bridge",
        "https://www.digitaltrends.com/cool-tech/biggest-bridges-in-the-world/",
        "https://www.history.com/topics/landmarks/brooklyn-bridge",
        "https://www.smithsonianmag.com/history/history-verrazano-narrows-bridge-50-years-after-its-construction-180953032/"
    ],
    "Apakah kraf tangan yang dibuat pada kain songket": [
        "https://id.wikipedia.org/wiki/Songket",
        "https://www.liputan6.com/regional/read/5359814/mengenal-kain-songket-sejarah-makna-hingga-penggunaannya",
        "https://travel.detik.com/travel-news/d-5214655/5-fakta-soal-songket-yang-bikin-kain-ini-semakin-dicintai",
        "https://www.gramedia.com/literasi/kain-songket/",
        "https://lifeasaartstudentlilizala.blogspot.com/p/mengenal-kraf-tradisional.html",
        "https://ms.wikipedia.org/wiki/Songket",
        "https://www.detik.com/edu/detikpedia/d-5717106/mengenal-kain-songket-khas-melayu-dan-jenis-jenisnya",
        "https://songketdunia.my/blogs/news/songket-panduan-lengkap",
        "https://id.wikipedia.org/wiki/Songket_Minangkabau",
        "https://en.wikipedia.org/wiki/Songket"
    ],
    "Why does a carbonated drink become flat when left open": [
        "https://www.livescience.com/32461-why-do-soft-drinks-go-flat.html",
        "http://beer-info.com/why-do-carbonated-drinks-go-flat-when-left-open",
        "https://sodapopcraft.com/can-soda-go-flat-if-unopened/",
        "https://www.instructables.com/Keep-open-carbonated-beverages-from-going-flat/",
        "https://www.upthirst.com/what-causes-soda-to-go-flat-expert-review/",
        "https://www.livescience.com/32492-why-does-soda-fizz.html",
        "https://bottlefirst.com/what-happens-when-a-soda-water-bottle-is-opened/",
        "https://homework.study.com/explanation/why-do-carbonated-beverages-go-flat-when-opened-and-left-and-room-temperature-and-pressure.html",
        "http://scienceline.ucsb.edu/getkey.php?key=2210",
        "https://totallydrinks.com/does-soda-go-flat-if-you-dont-open-it/"
    ],
    "Why sacrifice must environment to achieve development": [
        "https://odi.org/en/insights/must-developing-countries-sacrifice-growth-to-save-the-planet/",
        "https://news.climate.columbia.edu/2020/01/27/economic-growth-environmental-sustainability/",
        "https://www.weforum.org/agenda/2022/04/environmental-protection-vs-economic-growth/",
        "https://www.ecnmy.org/engage/how-much-should-we-sacrifice-to-help-the-environment/",
        "https://utopia.org/guide/what-is-sustainable-development-and-why-is-it-necessary/",
        "https://blogs.worldbank.org/climatechange/climate-action-does-not-require-economic-sacrifice",
        "https://academic.oup.com/mit-press-scholarship-online/book/14314/chapter/168226173",
        "https://academic.oup.com/mit-press-scholarship-online/book/14314/chapter/168227651",
        "https://www.un.org/sustainabledevelopment/sustainable-development-goals/",
        "https://www.annualreviews.org/doi/10.1146/annurev-economics-082321-123803"
    ],
    "How many atoms are contained in eachmolecule of sulfuric acid": [
        "https://www.answers.com/chemistry/How_many_atoms_are_in_sulphuric_acid",
        "https://chem.libretexts.org/Bookshelves/Introductory_Chemistry/Book%3A_Introductory_Chemistry_(CK-12)/10%3A_The_Mole/10.02%3A_Conversions_Between_Moles_and_Atoms",
        "https://courses.lumenlearning.com/umes-cheminter/chapter/the-mole/",
        "https://www.answers.com/Q/How_many_atoms_contained_in_each_molecule_of_sulfuric_acid",
        "https://quizlet.com/541766039/chapter-2-flash-cards/",
        "https://brainly.com/question/40815552",
        "https://www.answers.com/chemistry/How_many_atoms_are_in_a_molecule_of_sulfuric_acid_H2SO4",
        "https://socratic.org/questions/the-formula-of-sulfuric-acid-is-h-so-4-how-many-atoms-of-hydrogen-sulfur-and-oxy",
        "https://www.numerade.com/ask/question/how-many-atoms-are-contained-in-each-molecule-of-sulfuric-acid-38784/",
        "https://chem.libretexts.org/Courses/University_of_Kentucky/UK%3A_CHE_103_-_Chemistry_for_Allied_Health_(Soult)/Chapters/Chapter_2%3A_Elements_and_Ions/2.3%3A_Mole_and_Molar_Mass"
    ],
    "Who is the most famous african american mathmatician": [
        "https://www.mashupmath.com/blog/famous-african-american-mathematicians",
        "https://en.wikipedia.org/wiki/List_of_African-American_mathematicians",
        "https://academicinfluence.com/rankings/people/black-scholars/mathematicians",
        "https://www.sabes.org/content/11-famous-african-american-mathematicians-you-should-know-about",
        "https://mathandmovement.com/famous-black-mathematicians-and-their-contributions/",
        "https://www.bytelearn.com/articles/5-black-mathematicians-who-made-history-a-look-at-the-contributions-of-black-innovators-in-math/",
        "http://math.buffalo.edu/mad/madgreatest.html",
        "https://www.math.upenn.edu/about/department-history/pioneer-african-american-mathematicians",
        "https://www.britannica.com/biography/Mary-Jackson-mathematician-and-engineer",
        "https://www.biography.com/scientists/elbert-frank-cox"
    ],
    "What kind of cultures do chile have": [
        "https://www.adventure-life.com/chile/articles/culture-of-chile",
        "https://www.worldatlas.com/articles/culture-of-chile.html",
        "https://en.wikipedia.org/wiki/Culture_of_Chile",
        "https://internationalliving.com/countries/chile/culture-and-traditions-in-chile/",
        "https://www.everyculture.com/Bo-Co/Chile.html",
        "https://www.onmycanvas.com/culture-of-chile/",
        "https://www.learnfromtravel.com/blog/a-brief-guide-to-chile-culture-people-history-language-food-and-arts",
        "https://www.britannica.com/place/Chile",
        "https://www.seeinginspanish.com/chilean-culture/",
        "https://culturalatlas.sbs.com.au/chilean-culture/chilean-culture-core-concepts"
    ],
    "Gas was used for balloons long time ago": [
        "https://www.nationalballoonmuseum.com/about/history-of-ballooning/",
        "https://en.wikipedia.org/wiki/Gas_balloon",
        "http://www.historyofballoons.com/balloon-history/history-of-gas-balloons/",
        "https://balloonfiesta.com/Gas-Balloons-History",
        "https://aaballoon.com/history-and-science-behind-balloons/",
        "https://letscelibrate.com/which-gas-is-used-in-balloons-explained/",
        "https://balloons.online/blog/a-brief-history-of-party-balloons/",
        "https://www.pbs.org/wgbh/nova/article/short-history-of-ballooning/",
        "https://bfa.net/index.php/ranking/177778008-gas-division/flying-a-gas-balloon/1332-important-dates-in-gas-ballooning-history",
        "https://www.historynet.com/gas-balloons-view-from-above-the-civil-war-battlefield/"
    ],
    "Can someone infected with syphillis get symptoms a week later": [
        "https://www.mayoclinic.org/diseases-conditions/syphilis/symptoms-causes/syc-20351756",
        "https://www.verywellhealth.com/how-long-before-std-symptoms-appear-3133026",
        "https://www.sfcityclinic.org/faq/how-long-after-being-exposed-syphilis-can-you-be-accurately-tested-also-how-long-after-being",
        "https://www.aad.org/public/diseases/a-z/syphilis-symptoms",
        "https://www.cdc.gov/std/syphilis/stdfact-syphilis.htm",
        "https://www.verywellhealth.com/syphilis-symptoms-prevention-sti-6749435",
        "https://my.clevelandclinic.org/health/diseases/4622-syphilis",
        "https://www.verywellhealth.com/syphilis-signs-and-symptoms-49530",
        "https://www.cdc.gov/std/syphilis/stdfact-syphilis-detailed.htm",
        "https://patient.info/sexual-health/syphilis"
    ],
    "Can dogs eat pomegranite seeds": [
        "https://www.akc.org/expert-advice/nutrition/can-dogs-eat-pomegranates/",
        "https://www.petmd.com/dog/nutrition/can-dogs-eat-pomegranate",
        "https://www.m-dog.org/can-dogs-eat-pomegranate-seeds/",
        "https://www.dailypaws.com/dogs-puppies/dog-nutrition/what-can-dogs-eat/can-dogs-eat-pomegranate",
        "https://www.greatpetcare.com/dog-nutrition/can-dogs-eat-pomegranate/",
        "https://www.rover.com/blog/can-dog-eat-pomegranate/",
        "https://littlehappypaw.com/can-dogs-eat-pomegranate-seeds/",
        "https://blog.tryfi.com/can-dogs-eat-pomegranate-seeds/",
        "https://dogfood.guide/can-dogs-eat-pomegranate/",
        "https://www.thedodo.com/dodowell/can-dogs-eat-pomegranate"
    ],
    "Really interesting facts about hernando cortez": [
        "https://www.thoughtco.com/ten-facts-about-hernan-cortes-2136576",
        "https://www.havefunwithhistory.com/facts-about-hernan-cortes/",
        "https://thehistoryjunkie.com/15-facts-abouthernan-cortes/",
        "https://www.history.com/topics/exploration/hernan-cortes",
        "https://www.britannica.com/biography/Hernan-Cortes",
        "https://www.biography.com/history-culture/hernan-cortes",
        "https://www.worldhistory.org/Hernan_Cortes/",
        "https://www.bbc.co.uk/history/historic_figures/cortes_hernan.shtml",
        "https://en.wikipedia.org/wiki/Hern%C3%A1n_Cort%C3%A9s",
        "https://www.nationalgeographic.com/history/history-magazine/article/cortes-tenochtitlan"
    ],
    "What language ia used in greece": [
        "https://www.worldatlas.com/articles/what-language-do-they-speak-in-greece.html",
        "https://en.wikipedia.org/wiki/Languages_of_Greece",
        "https://www.britannica.com/topic/Greek-language",
        "https://en.wikipedia.org/wiki/Greek_language",
        "https://www.sprachcaffe.com/english/magazine-article/what-language-is-spoken-in-greece-alphabets-and-officially-spoken-language.htm",
        "https://howwidelyspoken.com/what-language-do-they-speak-in-greece/",
        "https://www.greeka.com/greece-culture/language/",
        "https://www.britannica.com/topic/Greek-language/Modern-Greek",
        "https://www.britannica.com/summary/Greek-language",
        "https://smartxpat.com/language-in-greece-guide/"
    ],
    "Who is the most famous artist in guatemala": [
        "https://theculturetrip.com/central-america/guatemala/articles/7-artists-from-guatemala-you-should-know",
        "https://theculturetrip.com/central-america/guatemala/articles/meet-guatemalas-influential-people-discover-rose-fame",
        "https://www.discoverwalks.com/blog/guatemala/top-10-most-famous-people-from-guatemala/",
        "http://artemaya.com/photo_sanpedro.html",
        "https://www.thefamouspeople.com/guatemala.php",
        "https://theculturetrip.com/central-america/guatemala/articles/9-musicians-you-need-to-know-before-visiting-guatemala-city",
        "https://www.britannica.com/biography/Carlos-Merida",
        "https://www.moon.com/travel/arts-culture/culture-in-guatemala-literature-visual-art-architecture-and-music/",
        "https://www.wikiart.org/en/carlos-merida",
        "https://www.moma.org/artists/3935"
    ],
    "What are some fun sex games": [
        "https://www.bellesa.co/collective/166/12-amazing-sex-games-to-play-as-a-couple-youre-welcome",
        "https://www.self.com/gallery/best-sex-games",
        "https://www.wellandgood.com/fun-sex-games/",
        "https://www.cosmopolitan.com/sex-love/g3801/naughty-sex-games/",
        "https://www.theknot.com/content/sex-games-for-couples",
        "https://www.mindbodygreen.com/articles/sex-games-for-couples",
        "https://www.pcgamer.com/best-sex-games/",
        "https://www.prevention.com/sex/relationships/g40398727/best-sex-games-couples/",
        "https://www.oprahdaily.com/life/relationships-love/a28823046/fun-sex-games-for-couples/",
        "https://www.glamour.com/gallery/best-sex-games-for-couples"
    ],
    "How does an elephant attract its mate": [
        "https://wildlifefaq.com/elephant-reproduction/",
        "https://sciencing.com/elephants-mate-4574022.html",
        "https://vetadvises.com/how-elephants-breed/",
        "https://news.ohsu.edu/2002/09/30/uncovering-the-secrets-of-elephant-sex",
        "https://a-z-animals.com/blog/how-do-elephants-mate/",
        "https://ielc.libguides.com/sdzg/factsheets/african_elephant/reproduction",
        "https://www.smithsonianmag.com/science-nature/how-male-elephants-bond-64316480/",
        "https://www.ox.ac.uk/news/2019-06-25-older-you-get-harder-you-seek-mating-secrets-africas-bull-elephants-0",
        "https://www.britannica.com/animal/elephant-mammal/Reproduction-and-life-cycle",
        "https://www.nationalgeographic.com/animals/article/elephants-older-mating-poaching"
    ],
    "How many calories in cooked beef": [
        "https://www.nutritionix.com/food/beef-cooked",
        "https://www.healthline.com/nutrition/foods/beef",
        "https://www.fatsecret.com/calories-nutrition/generic/beef-cooked-ns-as-to-fat-eaten",
        "https://www.fatsecret.com/calories-nutrition/food/beef",
        "https://www.calories.info/food/meat",
        "https://cooking.stackexchange.com/questions/14802/calories-pre-cooked-vs-cooked",
        "https://www.nutritionix.com/i/usda/beef-ground-85-lean-meat-15-fat-patty-cooked-broiled-3-oz/513fceb775b8dbbc210032b1",
        "https://www.verywellfit.com/lean-beef-can-be-part-of-a-healthy-diet-2507013",
        "https://wellnessed.com/calories-in-beef/",
        "https://cheatdaydesign.com/steak-nutrition-guide/"
    ],
    "How many years do you need to go to college to be a cop": [
        "https://policeacademyhub.com/",
        "https://www.rasmussen.edu/degrees/justice-studies/blog/how-to-become-a-police-officer/",
        "https://www.indeed.com/career/police-officer/career-advice",
        "https://www.indeed.com/career-advice/career-development/how-to-become-a-police-officer",
        "https://www.sapling.com/7736068/many-years-school-become-cop",
        "https://www.publicservicedegrees.org/how-to-become/police-officer/",
        "https://www.wikihow.com/Become-a-Police-Officer",
        "https://www.khanacademy.org/college-careers-more/career-content/serve-your-community/career-profile-police-officer/a/how-do-you-become-a-police-officer",
        "https://www.indeed.com/career-advice/finding-a-job/do-you-need-a-degree-to-be-a-cop",
        "https://www.police1.com/police-jobs-and-careers/articles/how-to-become-a-police-officer-a-cops-guide-ovveuz8ZfXt47oQ5/"
    ]
}